{
    "loss": 13.078256607055664,
    "accuracy": 0.5467625856399536
}